{"cameraMode":{"drawMode":0,"name":"Shaded","section":"Shading Mode"},"sceneLighting":false,"audioPlay":false,"sceneViewState":{"m_AlwaysRefresh":false,"showFog":true,"showSkybox":false,"showFlares":true,"showImageEffects":true,"showParticleSystems":true,"showVisualEffectGraphs":true,"m_FxEnabled":true},"in2DMode":false,"pivot":{"x":176.4066619873047,"y":364.1169128417969,"z":-1.7371368408203126},"rotation":{"x":0.006289904471486807,"y":0.0006124019855633378,"z":-0.000007751768862362951,"w":-0.9999901056289673},"size":182.3182830810547,"orthographic":false}