{"cameraMode":{"drawMode":0,"name":"Shaded","section":"Shading Mode"},"sceneLighting":false,"audioPlay":false,"sceneViewState":{"m_AlwaysRefresh":false,"showFog":true,"showSkybox":false,"showFlares":true,"showImageEffects":true,"showParticleSystems":true,"showVisualEffectGraphs":true,"m_FxEnabled":true},"in2DMode":false,"pivot":{"x":18.361433029174806,"y":0.7394611835479736,"z":-0.5565485954284668},"rotation":{"x":0.5287191867828369,"y":-0.08323795348405838,"z":0.05222388729453087,"w":0.8431172966957092},"size":0.8660253882408142,"orthographic":false}