{"cameraMode":{"drawMode":0,"name":"Shaded","section":"Shading Mode"},"sceneLighting":false,"audioPlay":false,"sceneViewState":{"m_AlwaysRefresh":false,"showFog":true,"showSkybox":false,"showFlares":true,"showImageEffects":true,"showParticleSystems":true,"showVisualEffectGraphs":true,"m_FxEnabled":true},"in2DMode":false,"pivot":{"x":-8.390438079833985,"y":12.69246768951416,"z":-6.744808673858643},"rotation":{"x":0.0008594587561674416,"y":-0.9990315437316895,"z":-0.02277269959449768,"w":-0.03840755298733711},"size":2.4124350547790529,"orthographic":false}