{"cameraMode":{"drawMode":0,"name":"Shaded","section":"Shading Mode"},"sceneLighting":true,"audioPlay":false,"sceneViewState":{"m_AlwaysRefresh":false,"showFog":true,"showSkybox":true,"showFlares":true,"showImageEffects":true,"showParticleSystems":true,"showVisualEffectGraphs":true,"m_FxEnabled":true},"in2DMode":false,"pivot":{"x":0.9093489050865173,"y":3.12514066696167,"z":3.8578431606292726},"rotation":{"x":0.6951202154159546,"y":0.006896360777318478,"z":-0.006648452952504158,"w":0.7188595533370972},"size":23.494930267333986,"orthographic":false}