{"cameraMode":{"drawMode":0,"name":"Shaded","section":"Shading Mode"},"sceneLighting":true,"audioPlay":false,"sceneViewState":{"m_AlwaysRefresh":false,"showFog":true,"showSkybox":true,"showFlares":true,"showImageEffects":true,"showParticleSystems":true,"showVisualEffectGraphs":true,"m_FxEnabled":true},"in2DMode":false,"pivot":{"x":0.7608248591423035,"y":1.8452749252319337,"z":-10.140488624572754},"rotation":{"x":0.03850077465176582,"y":0.9407630562782288,"z":-0.31689324975013735,"w":0.11429647356271744},"size":23.787979125976564,"orthographic":false}