{"cameraMode":{"drawMode":0,"name":"Shaded","section":"Shading Mode"},"sceneLighting":true,"audioPlay":false,"sceneViewState":{"m_AlwaysRefresh":false,"showFog":true,"showSkybox":true,"showFlares":true,"showImageEffects":true,"showParticleSystems":true,"showVisualEffectGraphs":true,"m_FxEnabled":true},"in2DMode":false,"pivot":{"x":-2.1270296573638918,"y":0.08333335816860199,"z":10.597506523132325},"rotation":{"x":-0.28479957580566409,"y":-0.05113524943590164,"z":0.015203067101538182,"w":-0.9571391344070435},"size":2.9660251140594484,"orthographic":false}