{"cameraMode":{"drawMode":0,"name":"Shaded","section":"Shading Mode"},"sceneLighting":false,"audioPlay":false,"sceneViewState":{"m_AlwaysRefresh":false,"showFog":true,"showSkybox":false,"showFlares":true,"showImageEffects":true,"showParticleSystems":true,"showVisualEffectGraphs":true,"m_FxEnabled":true},"in2DMode":false,"pivot":{"x":0.5913412570953369,"y":1.1583824157714844,"z":0.6527173519134522},"rotation":{"x":0.3016599118709564,"y":0.20577578246593476,"z":-0.06684043258428574,"w":0.9285629391670227},"size":1.6110730171203614,"orthographic":false}