{"cameraMode":{"drawMode":0,"name":"Shaded","section":"Shading Mode"},"sceneLighting":false,"audioPlay":false,"sceneViewState":{"m_AlwaysRefresh":false,"showFog":true,"showSkybox":false,"showFlares":true,"showImageEffects":true,"showParticleSystems":true,"showVisualEffectGraphs":true,"m_FxEnabled":true},"in2DMode":false,"pivot":{"x":4.883699893951416,"y":1.9574527740478516,"z":10.140201568603516},"rotation":{"x":0.10243259370326996,"y":0.00206986372359097,"z":-0.0001976618223125115,"w":0.994759738445282},"size":2.2531485557556154,"orthographic":false}