{"cameraMode":{"drawMode":0,"name":"Shaded","section":"Shading Mode"},"sceneLighting":false,"audioPlay":false,"sceneViewState":{"m_AlwaysRefresh":false,"showFog":true,"showSkybox":false,"showFlares":true,"showImageEffects":true,"showParticleSystems":true,"showVisualEffectGraphs":true,"m_FxEnabled":true},"in2DMode":false,"pivot":{"x":0.001111939549446106,"y":0.4349997639656067,"z":2.0705747604370119},"rotation":{"x":0.5287191867828369,"y":-0.08323795348405838,"z":0.05222388729453087,"w":0.8431172966957092},"size":0.36742350459098818,"orthographic":false}